id;escludere;raccolta;consenso;presenza;classe;genere;mesi;fas1;fas2;fas3;fas4;ssm1;ssm2;ssm3;ssm4;ssm5;ssm6;ssm7;ssm8;ssm9;ssm10;ssm11;ssm12;ssm13;ssm14;ssm15;sdq1;sdq2;sdq3;sdq4;sdq5;sdq6;sdq7;sdq8;sdq9;sdq10;sdq11;sdq12;sdq13;sdq14;sdq15;sdq16;sdq17;sdq18;sdq19;sdq20;sdq21;sdq22;sdq23;sdq24;sdq25
1;0;1;1;1;3;0;109;1;2;1;3;1;1;1;1;4;4;4;4;1;1;4;4;1;4;1;2;1;0;2;0;0;2;0;2;0;2;0;0;2;1;1;2;0;0;2;1;0;0;0;2
2;0;1;1;1;3;0;102;1;2;3;2;1;2;1;2;3;3;4;4;1;1;4;4;3;4;1;2;0;0;2;0;0;2;0;2;0;2;0;0;2;0;0;2;0;0;2;1;0;0;0;2
3;0;1;1;1;3;1;102;1;2;3;1;1;3;1;4;4;1;4;4;1;1;4;4;1;1;1;2;1;0;2;0;0;2;0;2;0;2;0;0;2;1;1;2;0;0;2;1;0;0;0;1
4;0;1;1;1;3;0;100;1;2;1;2;1;2;2;1;4;2;3;4;2;2;3;4;3;3;1;2;0;0;2;0;0;2;0;2;0;2;0;0;2;0;1;2;0;0;2;2;0;0;0;2
5;0;1;1;1;3;1;99;0;2;1;2;1;2;1;1;1;4;4;4;1;1;4;4;1;4;1;2;0;0;2;0;0;2;0;2;0;2;0;0;2;0;0;2;0;0;2;2;0;0;0;2
6;0;1;1;1;3;0;106;1;2;3;1;1;1;1;1;4;4;1;4;1;4;4;4;1;3;1;2;1;0;2;0;0;2;0;2;0;2;0;0;2;0;0;2;0;0;2;2;0;0;0;2
7;0;1;1;1;3;0;105;1;2;0;1;1;2;1;1;;2;1;1;1;1;3;4;1;4;1;2;1;2;0;0;0;1;0;2;1;2;1;0;2;1;0;2;0;0;2;1;0;0;0;1
8;0;1;1;1;3;0;105;0;2;3;1;2;2;1;1;4;2;4;4;1;1;3;4;1;4;1;2;1;0;2;0;0;2;0;2;0;2;0;0;2;1;0;2;0;0;2;1;0;0;0;2
9;0;1;1;1;3;1;103;1;2;3;2;1;3;1;1;3;2;2;4;1;1;3;3;1;4;2;2;0;0;2;0;0;2;0;2;0;2;0;0;2;0;1;2;0;0;2;2;0;0;0;2
10;0;1;1;1;3;1;99;1;1;3;2;1;4;1;1;4;4;1;4;1;1;4;4;1;4;1;2;0;0;2;0;0;2;0;2;0;2;0;0;2;0;0;2;0;0;2;2;0;0;0;2
11;0;1;1;1;3;1;100;1;2;0;2;1;4;1;1;4;3;4;4;2;1;3;4;2;4;2;2;0;0;2;0;0;2;0;2;0;2;0;0;2;0;0;2;0;0;2;2;0;0;0;2
12;0;1;1;1;3;1;102;0;2;1;2;1;4;1;4;4;1;1;4;2;1;4;3;1;4;1;2;1;1;2;0;0;2;0;2;0;2;0;0;2;0;0;2;0;0;2;2;0;0;0;2
33;0;1;1;1;3;0;105;1;1;3;0;1;3;1;1;4;2;2;4;1;2;4;4;1;1;1;2;0;0;2;0;0;2;0;2;0;2;0;0;2;0;0;2;0;0;2;1;0;0;0;1
14;0;1;1;1;3;1;99;0;1;3;2;1;1;1;1;4;3;4;4;1;2;4;4;2;4;1;2;0;0;2;0;0;2;0;2;1;2;0;0;2;0;0;2;0;0;2;1;0;0;0;1
15;0;1;1;1;3;0;101;1;1;3;0;2;1;2;4;3;3;1;4;2;1;3;3;2;1;1;2;0;0;2;0;0;2;0;2;0;2;0;0;2;0;0;2;0;0;2;;0;0;0;2
16;0;1;1;1;3;1;100;0;2;0;2;1;3;1;1;4;3;4;4;2;1;4;2;1;1;1;2;0;0;2;0;0;2;0;2;0;2;0;0;2;0;0;2;0;0;2;1;0;0;0;2
17;0;1;1;1;3;1;110;1;2;3;0;2;3;3;3;2;3;2;2;2;3;2;2;2;2;2;2;0;0;2;0;0;2;0;2;0;2;0;0;2;1;1;2;0;0;1;1;0;0;1;1
18;0;1;1;1;3;1;106;1;2;3;1;2;;3;4;1;4;1;2;4;1;1;4;1;1;3;2;1;;2;0;0;1;0;2;0;2;0;0;2;0;0;2;0;0;1;1;0;0;0;2
19;0;1;1;1;3;0;97;0;2;1;2;2;4;1;2;1;2;4;4;1;2;4;2;1;4;1;2;0;0;2;0;0;2;0;2;0;2;0;0;2;0;0;2;0;0;2;2;0;0;0;2
20;0;1;1;1;3;1;104;0;1;1;1;1;1;1;1;4;3;4;4;1;1;4;3;1;4;1;2;0;0;2;0;0;2;0;2;0;2;0;0;2;0;0;2;0;0;2;2;0;2;0;2
21;0;1;1;1;3;1;99;0;2;2;1;1;2;1;2;4;1;4;4;1;1;4;3;1;2;1;2;0;0;2;0;0;2;0;2;0;2;0;0;2;0;0;2;0;0;2;2;0;0;0;2
22;0;1;1;1;3;0;100;1;1;0;1;1;1;1;1;2;4;4;4;3;1;4;4;1;4;1;2;0;0;2;0;0;2;0;2;0;2;0;0;2;0;0;2;0;0;1;2;0;0;0;2
23;0;1;1;1;3;0;111;0;2;2;1;1;4;2;3;2;1;1;4;1;2;4;4;2;4;1;2;1;0;2;0;0;2;0;2;0;2;1;0;2;1;0;2;;0;2;1;0;0;0;1
24;0;1;1;1;4;1;114;0;2;3;1;2;2;1;2;3;4;2;4;2;1;2;4;2;3;2;1;0;0;0;0;1;0;0;2;0;1;0;0;2;2;2;2;2;0;1;1;2;2;2;1
25;0;1;1;1;4;0;120;1;2;3;1;1;2;4;1;1;3;1;4;3;1;2;3;1;2;1;1;2;0;1;0;0;1;0;1;1;2;1;0;1;1;1;1;1;2;0;1;0;0;1;1
26;0;1;1;1;4;1;119;1;2;1;1;1;2;1;2;3;3;1;4;2;1;4;3;1;4;1;0;2;0;2;0;2;2;1;2;0;2;0;2;2;0;0;2;0;2;2;2;0;0;0;2
27;0;1;1;1;4;1;113;1;2;3;2;1;4;1;2;1;3;1;2;1;1;2;4;1;3;1;2;0;0;2;0;0;1;0;2;0;2;0;0;2;1;0;2;0;2;1;2;0;0;0;1
28;0;1;1;1;4;0;118;0;1;2;3;2;3;1;3;1;4;3;4;4;1;2;4;3;3;3;2;0;0;2;0;0;2;0;2;0;2;0;0;2;1;1;0;2;0;1;1;0;0;1;1
29;0;1;1;1;4;0;112;0;2;2;2;1;3;1;1;4;2;4;4;1;1;4;4;1;4;1;2;0;0;1;0;0;2;0;2;0;1;0;0;2;0;1;2;0;0;2;2;0;2;2;2
30;0;1;1;1;4;0;112;0;2;1;2;1;2;1;1;3;3;4;4;1;1;4;4;2;4;1;2;0;0;1;0;0;2;0;2;0;1;0;0;2;0;0;2;0;0;2;2;0;2;0;2
31;0;1;1;1;4;1;117;0;1;3;2;1;2;1;3;3;4;2;4;4;2;2;1;1;4;1;2;0;0;2;0;1;2;0;2;0;1;0;0;1;0;0;2;0;0;1;2;0;1;0;2
32;0;1;1;1;4;1;114;0;2;2;2;2;2;2;1;2;3;4;4;3;2;2;3;1;4;1;2;0;0;2;0;1;2;0;2;0;1;0;0;2;0;0;2;0;0;2;2;0;1;0;2
33;0;1;1;1;4;0;112;0;2;3;2;1;3;1;1;3;4;4;4;1;1;4;4;2;4;1;2;0;0;2;0;0;2;0;2;0;2;0;0;2;0;0;2;0;0;1;2;0;0;0;2
34;0;1;1;1;4;0;116;0;2;3;1;2;3;2;2;2;3;1;4;1;2;2;4;2;2;2;2;0;0;1;0;2;1;1;1;0;0;0;1;1;1;2;2;0;0;1;1;0;0;1;1
35;0;1;1;1;4;0;114;1;2;1;1;1;1;1;4;3;2;4;4;2;4;4;4;3;4;1;2;0;0;2;0;0;2;0;2;0;2;0;0;2;0;0;2;0;0;2;2;0;1;0;2
36;0;1;1;1;4;0;111;1;2;3;2;2;3;2;2;2;3;2;4;2;1;3;3;2;2;1;2;0;0;1;0;0;2;0;1;0;2;0;0;2;0;0;1;0;0;1;2;0;1;0;2
37;0;1;1;1;4;1;114;0;2;1;2;1;1;2;2;3;1;2;4;3;2;2;3;1;3;3;1;1;0;2;0;0;1;0;1;1;2;1;0;1;1;0;1;0;0;1;1;0;0;0;1
38;0;1;1;1;4;0;116;1;2;3;2;1;1;3;1;4;3;1;4;1;1;2;3;1;2;1;2;1;0;1;0;0;2;0;1;0;1;0;0;1;1;2;2;0;0;1;1;0;1;1;1
39;0;1;1;1;4;0;111;1;1;1;1;3;2;2;2;2;2;1;2;3;3;2;2;3;2;1;1;0;0;1;0;1;1;0;1;0;0;1;0;1;0;0;1;0;0;0;2;0;1;0;2
40;1;1;1;1;4;0;127;1;1;3;;1;2;2;1;1;2;1;1;1;1;1;2;2;3;1;2;2;0;2;0;;1;0;2;2;2;1;0;2;0;1;2;0;0;2;1;0;0;0;1
41;1;1;1;1;4;1;115;;;;;;;;;;;;;;;;;;;;2;0;0;1;1;0;2;1;2;1;2;0;2;2;0;2;2;0;0;1;1;0;0;2;1
42;0;1;1;1;4;1;119;1;2;3;3;1;1;1;1;3;2;4;4;2;1;3;4;1;3;1;2;0;0;2;0;0;1;0;2;0;2;0;0;2;0;0;2;0;0;2;2;0;0;0;2
43;0;1;1;1;4;0;112;1;2;1;2;1;2;1;1;2;3;4;4;1;1;2;4;2;4;2;2;0;1;2;0;0;2;1;2;0;2;0;0;2;0;0;2;0;0;2;2;0;2;1;2
44;0;1;1;1;4;0;109;1;2;3;3;1;1;1;1;3;4;4;4;1;1;4;4;1;4;4;2;0;0;2;0;1;2;0;2;0;2;0;0;2;2;2;2;0;0;2;2;0;1;0;2
45;0;1;1;1;3;0;116;1;1;2;1;1;1;1;1;4;4;4;4;1;4;4;4;1;1;1;2;1;0;2;0;0;1;0;1;0;1;0;0;2;1;1;2;2;0;2;1;0;0;0;1
46;0;1;1;1;3;1;105;0;3;3;3;1;3;1;1;3;3;4;3;1;2;2;3;1;4;2;2;0;0;1;0;0;2;1;1;0;2;0;1;1;0;1;2;0;0;1;2;0;0;1;2
47;0;1;1;1;3;1;102;1;2;3;1;1;3;1;3;4;4;1;4;1;1;4;4;1;1;1;2;0;0;2;0;0;2;1;1;0;2;0;0;2;0;1;2;0;0;1;2;0;0;1;2
48;0;1;1;1;3;0;108;0;2;1;2;1;1;1;1;2;3;4;4;2;1;3;3;1;1;1;1;2;1;1;0;0;1;0;1;2;2;1;0;2;2;0;2;1;0;1;1;0;0;0;1
49;0;1;1;1;3;0;109;1;2;3;2;1;1;1;1;4;4;1;4;1;1;4;4;2;1;1;1;0;0;2;0;0;2;0;2;0;1;0;0;2;2;2;2;1;0;2;1;0;0;1;1
50;0;1;1;1;3;0;109;1;2;3;2;1;2;1;1;2;1;1;4;1;1;1;4;1;4;4;2;0;0;2;0;0;2;1;1;2;1;0;1;2;2;2;2;1;1;1;1;0;0;2;1
51;0;1;1;1;3;1;103;0;1;2;1;;;;;;;;;;;;;;;;2;0;2;2;0;2;1;1;0;0;1;0;1;2;1;2;2;0;0;1;1;0;0;2;1
52;0;1;1;1;3;1;99;0;2;3;2;1;2;1;2;2;2;2;4;2;1;2;3;2;3;2;1;0;0;2;0;0;1;1;0;0;1;0;1;1;1;2;2;0;0;1;1;0;0;2;1
53;0;1;1;1;3;1;109;1;1;3;1;1;1;1;1;4;4;1;4;1;1;3;4;1;4;1;2;0;0;1;0;0;2;0;2;0;2;0;2;2;0;0;2;0;0;2;2;0;0;0;2
54;0;1;1;1;3;1;100;0;1;3;0;1;1;1;1;4;4;4;4;2;1;4;3;1;3;1;2;0;0;2;0;0;1;0;2;0;2;0;0;2;1;0;2;0;0;2;1;0;0;0;1
55;0;1;1;1;3;1;104;0;1;3;1;1;1;1;1;4;4;1;4;1;1;2;4;1;4;1;2;0;0;2;0;0;2;0;2;0;2;0;0;2;0;0;2;0;0;2;2;0;0;0;2
56;0;1;1;1;3;1;100;1;2;2;2;1;4;1;1;4;4;1;4;1;1;4;4;1;4;1;2;1;0;2;0;0;1;0;1;1;1;0;1;2;2;1;2;1;0;1;1;0;0;0;0
57;0;1;1;1;3;0;107;1;2;3;2;1;2;1;1;4;4;1;4;1;1;3;4;1;1;4;1;2;2;0;0;1;0;0;0;2;0;2;0;1;2;2;2;0;1;0;0;0;2;2;0
58;0;1;1;1;3;0;107;1;2;3;1;1;2;2;3;3;2;4;4;2;2;1;3;2;4;1;2;0;0;2;0;0;2;0;2;0;2;0;0;2;0;1;2;0;0;2;2;0;0;1;2
59;0;1;1;1;3;1;111;0;2;3;3;1;2;1;1;3;4;4;4;1;1;4;4;1;4;1;2;0;0;2;0;0;2;0;2;0;2;0;0;2;0;0;2;0;0;2;2;0;0;0;2
60;1;1;1;1;3;0;101;0;2;3;1;;;;;;;;;;;;;;;;1;2;0;1;0;0;1;0;0;2;1;2;0;1;2;0;1;2;0;0;1;0;0;0;1
61;0;1;1;1;3;0;111;1;2;3;1;1;2;1;1;3;3;4;4;2;2;4;3;2;3;1;2;0;0;2;0;0;2;0;2;0;2;0;0;2;0;0;2;0;0;2;2;0;0;0;2
62;0;1;1;1;3;0;109;1;2;2;2;1;1;2;1;1;4;4;1;1;1;3;4;1;1;1;1;1;1;1;0;0;2;0;1;0;1;0;1;2;1;2;2;0;0;2;2;0;0;2;2
63;1;1;1;1;3;0;125;0;2;3;1;1;3;1;3;4;4;4;3;1;2;2;4;1;1;1;2;1;0;2;0;0;1;0;2;1;1;0;0;2;1;2;2;1;0;1;1;0;0;0;1
64;0;1;1;1;4;0;113;1;2;3;3;2;1;1;4;1;3;4;4;3;1;2;2;1;4;1;1;0;0;2;1;0;2;2;1;1;2;1;1;1;1;1;2;0;1;2;0;0;1;0;1
65;0;1;1;1;4;1;117;0;2;3;1;1;3;2;1;3;2;1;4;1;1;2;3;2;3;1;1;1;0;2;0;0;2;0;1;0;2;0;0;2;1;0;2;0;0;2;1;0;0;0;1
66;0;1;1;1;4;0;115;0;2;3;2;1;3;1;2;1;3;1;3;3;1;2;3;1;4;2;2;0;0;2;0;0;2;0;2;0;2;0;0;2;0;1;2;0;0;2;2;0;0;1;2
67;0;1;1;1;4;1;122;1;2;3;2;1;1;2;3;2;2;4;3;3;1;2;4;1;4;1;1;0;0;1;1;0;2;0;1;0;2;1;0;2;0;0;2;0;1;2;2;0;0;0;2
68;0;1;1;1;4;0;121;1;1;3;1;2;1;2;3;3;3;3;1;2;1;2;3;4;3;2;2;0;1;2;0;1;1;2;2;0;2;0;1;2;1;1;2;0;0;2;2;0;0;0;1
69;0;1;1;1;4;0;122;1;1;3;1;2;3;1;3;2;2;3;4;3;1;2;2;4;2;2;2;0;0;2;0;0;2;1;2;0;2;0;0;2;0;0;2;0;0;1;2;0;0;0;2
70;0;1;1;0;4;;;;;;;;;;;;;;;;;;;;;;2;0;1;2;0;1;2;0;2;0;1;1;1;2;1;1;2;0;0;2;0;0;0;1;1
71;0;1;1;1;4;0;120;0;2;3;2;1;4;1;1;2;4;3;2;1;1;4;4;1;1;1;;0;0;2;0;2;2;1;1;0;1;;0;1;0;2;1;0;1;1;2;0;1;0;2
72;0;1;1;1;4;1;123;0;1;3;0;1;2;2;1;3;2;4;4;1;1;4;3;1;3;1;1;0;0;1;0;0;1;0;1;0;1;0;0;1;1;0;2;0;1;2;1;0;1;0;1
73;0;1;1;1;4;0;112;1;1;1;3;1;2;1;1;3;3;4;4;2;1;4;3;2;1;1;2;0;0;2;1;0;2;1;2;0;2;0;0;2;2;1;2;0;0;2;2;0;0;0;0
74;0;1;1;1;4;0;115;1;2;3;3;3;1;2;3;4;2;3;4;2;1;2;4;2;4;1;0;0;0;2;0;0;2;0;1;0;2;1;0;1;0;0;1;0;0;1;1;0;0;0;2
75;0;1;1;1;4;1;111;1;2;3;2;1;2;2;4;1;2;1;3;4;3;1;2;2;1;2;2;0;0;1;0;1;1;0;1;0;2;0;0;2;1;0;1;0;0;1;2;0;0;0;0
76;0;1;1;1;4;0;116;0;1;3;2;2;1;3;1;3;1;4;1;4;2;4;1;1;4;3;1;1;0;2;1;0;2;0;1;0;1;1;1;1;1;1;2;0;1;1;2;0;0;1;1
77;0;1;1;1;4;1;116;1;1;3;2;1;1;1;1;4;3;4;4;1;1;4;3;2;4;1;2;0;0;2;0;0;2;1;2;0;2;0;0;2;0;0;2;0;0;2;2;0;0;0;2
78;0;1;1;1;4;0;120;0;2;3;2;2;2;1;4;2;3;1;3;2;1;1;3;3;3;1;1;1;0;2;1;0;1;0;1;1;1;1;0;2;2;0;0;0;1;1;1;0;0;0;1
79;0;1;1;1;4;1;113;0;1;0;3;1;4;1;1;4;2;4;4;1;1;4;4;1;4;1;1;1;0;1;0;0;1;1;1;2;2;0;0;2;1;0;1;0;0;2;0;0;0;0;0
80;0;1;1;1;4;1;114;1;2;2;2;2;1;2;1;3;3;4;4;1;2;3;3;1;4;2;2;0;0;2;0;1;2;0;1;0;1;0;0;2;1;1;2;0;0;1;2;0;1;1;1
81;0;1;1;1;4;0;116;0;2;0;3;1;3;1;3;4;3;2;1;2;1;2;4;2;3;4;1;1;0;2;2;0;1;0;1;1;2;1;0;1;0;1;1;0;1;1;1;0;0;0;2
82;0;1;1;1;4;1;112;0;2;3;2;1;3;1;3;4;3;1;4;1;1;1;4;2;4;2;2;0;0;2;0;0;2;0;2;0;2;0;0;2;0;0;2;0;0;2;2;0;0;1;2
83;0;1;1;1;4;0;113;0;1;3;2;2;1;1;4;4;2;1;4;3;1;4;4;1;3;1;2;0;1;2;0;0;2;0;1;0;1;0;0;2;1;0;2;0;0;1;1;0;0;0;1
84;0;1;1;1;4;1;123;0;;3;2;2;3;1;1;3;3;4;4;3;1;2;2;2;3;1;2;0;0;2;0;0;2;0;1;0;2;0;0;2;0;0;2;0;0;0;2;0;0;0;2
85;0;1;1;1;4;1;117;1;2;3;3;1;2;1;1;4;3;4;4;1;1;4;4;1;1;1;1;0;0;;0;0;2;0;2;0;2;0;0;2;0;0;2;0;0;2;2;0;0;;2
86;0;1;1;1;4;1;120;1;2;3;2;1;1;1;1;4;1;4;4;1;1;4;4;4;4;1;1;0;0;1;0;0;2;0;1;0;2;1;0;1;0;0;1;0;0;1;2;0;1;0;2
318;0;2;1;1;4;0;112;2;2;2;2;2;3;2;2;3;4;4;4;1;1;4;4;2;4;1;2;0;0;2;0;0;2;0;2;0;2;0;0;2;0;0;2;0;0;2;2;0;0;0;1
319;0;2;1;1;4;1;118;1;3;2;1;2;3;2;4;4;3;2;4;1;1;4;4;1;4;2;2;0;0;2;0;0;2;1;2;0;2;0;0;2;0;1;2;0;0;2;2;0;0;1;1
320;0;2;1;1;4;1;114;2;3;4;3;1;2;1;3;3;3;4;4;2;1;4;3;2;4;1;2;0;1;2;0;0;2;0;2;0;2;0;0;2;0;0;2;0;0;2;2;0;0;0;2
321;0;2;1;1;4;1;114;1;3;4;3;2;3;1;1;3;2;2;4;2;1;3;3;1;4;1;2;0;0;2;0;0;2;0;2;0;2;0;0;2;0;0;2;0;0;2;2;0;0;0;2
322;0;2;1;1;4;0;110;2;3;4;4;1;4;1;4;4;1;4;4;3;4;1;4;4;4;1;2;1;0;2;0;0;2;0;2;1;2;0;0;2;1;0;2;0;0;1;2;0;0;0;1
323;0;2;1;1;4;1;109;2;3;4;3;1;2;2;2;4;3;4;4;2;1;3;3;1;3;2;2;0;0;2;0;0;2;0;2;0;2;0;0;2;0;0;2;0;0;2;2;0;0;0;2
324;0;2;0;1;4;1;;;;;;;;;;;;;;;;;;;;;;;;;;;;;;;;;;;;;;;;;;;;;
325;0;2;1;1;4;0;111;1;3;2;3;1;3;2;1;3;2;3;4;2;3;4;3;3;4;1;2;1;0;2;0;0;2;1;2;1;2;0;0;2;1;1;2;0;0;1;1;0;0;0;1
326;0;2;1;1;4;0;118;1;3;2;2;1;3;2;1;3;2;4;4;2;2;4;4;2;4;2;2;1;0;2;0;0;2;0;2;0;2;0;0;2;1;1;2;0;0;1;2;0;0;0;1
327;0;2;1;1;4;1;113;2;3;4;2;3;2;2;3;2;4;2;3;1;3;3;2;1;2;2;2;0;0;2;0;0;2;0;2;0;2;0;0;2;0;0;2;0;0;2;2;0;0;0;2
328;0;2;1;1;4;1;112;1;2;3;4;1;3;1;1;3;1;3;3;1;2;3;4;1;4;1;2;0;0;2;0;0;2;0;2;0;2;0;0;2;0;0;2;0;0;2;2;0;2;0;2
329;0;2;1;1;4;0;110;2;3;4;2;1;3;1;1;4;4;4;4;1;4;3;4;1;4;1;2;;0;2;0;0;1;1;2;;2;1;;1;2;1;2;;1;2;1;0;0;1;1
330;0;2;0;1;4;0;;;;;;;;;;;;;;;;;;;;;;;;;;;;;;;;;;;;;;;;;;;;;
331;0;2;1;1;4;1;113;1;3;2;4;2;3;1;2;2;3;1;4;1;1;4;4;2;4;2;2;0;0;2;0;0;2;0;2;0;2;0;0;2;0;0;2;0;0;1;2;0;0;0;2
332;0;2;0;1;4;1;;;;;;;;;;;;;;;;;;;;;;;;;;;;;;;;;;;;;;;;;;;;;
333;0;2;1;1;4;1;112;2;3;4;4;1;1;2;2;1;1;4;3;4;1;1;1;2;1;1;2;0;1;2;0;0;2;0;2;0;2;0;0;2;0;0;2;0;0;1;2;0;0;0;2
334;0;2;1;1;4;1;119;1;1;2;1;1;4;1;1;4;1;1;4;1;1;4;4;1;4;1;2;1;1;2;0;0;2;1;2;;2;0;0;2;1;1;2;0;0;2;1;0;0;0;1
335;0;2;1;1;4;1;109;2;3;3;4;4;1;3;2;1;3;4;1;4;4;2;1;4;1;3;2;0;0;2;0;0;2;0;2;1;2;0;0;2;1;0;2;0;0;1;;0;0;0;1
336;0;2;1;1;4;1;115;2;3;3;3;2;2;2;3;2;3;1;3;2;2;4;3;2;3;1;2;;0;2;0;0;2;1;2;0;2;0;0;2;1;;2;0;0;2;2;0;0;0;1
337;0;2;0;1;4;0;;;;;;;;;;;;;;;;;;;;;;;;;;;;;;;;;;;;;;;;;;;;;
338;0;2;1;1;4;1;117;1;3;4;4;2;2;2;3;4;4;1;3;2;1;4;4;1;3;1;2;0;0;2;0;0;2;0;2;0;2;0;0;2;0;0;2;0;0;2;2;0;0;0;2
339;0;2;0;0;4;0;;;;;;;;;;;;;;;;;;;;;;;;;;;;;;;;;;;;;;;;;;;;;
340;0;2;1;1;4;1;112;2;3;4;3;1;2;1;1;3;;2;4;3;1;2;2;2;2;1;2;1;0;2;0;0;2;1;2;2;2;0;0;2;2;1;2;0;0;1;1;0;0;0;1
341;0;2;1;1;4;1;111;1;2;1;1;1;4;1;1;4;1;4;4;1;1;4;4;1;4;1;2;0;2;2;;1;2;1;2;0;2;0;;2;1;1;2;0;0;1;2;0;0;1;2
342;0;2;1;1;4;0;119;2;2;4;2;1;4;1;1;4;4;1;4;1;1;4;4;1;1;1;2;0;1;2;0;0;2;0;2;0;2;0;0;2;0;0;2;0;0;2;2;0;0;0;2
364;0;2;1;1;3;0;104;1;3;4;2;2;1;1;2;1;2;1;4;1;1;3;3;3;1;2;2;0;1;0;1;0;1;1;2;1;2;0;1;2;1;1;2;0;0;2;1;0;0;1;1
365;0;2;1;1;3;0;95;1;3;4;2;1;1;1;1;4;4;4;4;1;1;4;4;1;4;1;1;2;2;1;0;0;0;0;1;1;2;2;1;2;2;0;2;1;0;1;1;0;0;0;1
366;0;2;1;1;3;0;96;1;3;4;2;1;2;1;3;1;4;1;1;2;1;1;3;1;1;1;2;0;0;2;0;0;2;1;2;0;2;0;1;2;0;1;2;0;0;2;2;0;0;1;2
367;0;2;1;1;3;1;106;2;3;2;2;1;1;1;3;3;4;2;4;1;1;2;4;2;4;1;2;0;0;2;0;0;2;0;2;0;2;0;0;2;0;1;2;0;0;1;2;0;0;0;2
368;0;2;1;1;3;1;101;1;3;4;2;1;1;1;1;4;4;4;4;1;1;4;4;1;4;1;2;0;1;2;0;0;2;1;2;1;2;0;0;2;1;1;2;0;0;2;1;0;0;0;1
369;0;2;1;1;3;0;101;1;3;4;2;4;1;2;3;1;1;1;1;3;4;2;4;1;1;1;2;0;1;2;0;0;2;1;2;0;2;0;1;2;1;1;2;0;0;2;1;0;0;1;1
370;0;2;1;1;3;1;99;1;2;4;3;1;1;1;4;1;3;1;4;2;1;2;3;1;1;1;2;0;0;2;1;1;2;1;2;1;2;0;1;2;0;1;2;0;0;2;2;0;0;1;2
371;0;2;0;1;3;;;;;;;;;;;;;;;;;;;;;;;;;;;;;;;;;;;;;;;;;;;;;;
372;0;2;1;1;3;1;96;1;2;2;3;1;4;1;1;1;4;1;4;1;1;4;4;1;4;1;2;0;1;1;0;1;2;1;2;0;2;0;1;2;0;1;2;0;0;2;2;0;0;1;0
373;0;2;1;1;3;0;99;2;3;4;2;1;3;4;4;1;1;4;4;1;2;3;4;3;4;1;2;0;1;2;0;1;2;0;2;1;2;0;0;2;1;1;2;0;0;2;1;0;0;1;1
374;0;2;1;1;3;0;100;1;3;4;2;1;2;1;1;2;1;4;4;1;1;3;4;2;4;1;1;2;0;1;1;1;0;1;1;2;2;2;0;1;0;2;1;0;0;1;0;0;0;0;0
375;0;2;1;1;3;0;95;2;3;4;4;1;4;1;1;4;3;4;4;2;2;2;2;1;1;1;2;1;1;2;0;0;2;1;2;1;2;0;0;2;1;1;2;0;0;1;2;0;0;0;2
376;0;2;1;1;3;0;105;2;3;2;3;1;2;1;3;4;4;4;4;1;4;3;4;2;4;1;2;0;0;2;0;1;2;1;2;0;2;0;0;2;0;1;2;0;0;1;2;0;0;0;2
377;0;2;1;1;3;1;98;2;3;3;4;1;3;1;1;2;3;1;4;1;2;4;3;1;3;2;2;0;0;2;0;0;2;0;2;0;2;0;0;2;0;0;2;0;0;2;2;0;0;0;2
378;0;2;1;1;3;0;97;2;3;4;2;1;3;1;2;3;2;4;4;1;3;4;4;1;2;1;2;2;0;2;0;0;2;0;2;0;2;0;0;2;0;1;2;0;0;2;2;0;0;0;2
379;0;2;1;1;3;1;97;1;3;2;3;1;2;1;1;4;4;4;4;1;1;4;4;1;2;1;2;0;0;2;0;0;2;0;2;0;2;0;0;2;0;0;2;0;0;2;2;0;0;0;2
380;0;2;1;1;3;0;101;1;3;4;3;1;2;1;3;2;3;2;4;3;1;1;3;2;3;1;2;0;0;2;0;0;2;1;2;0;2;0;1;2;0;0;2;0;0;1;2;0;0;0;2
381;0;2;0;1;3;;;;;;;;;;;;;;;;;;;;;;;;;;;;;;;;;;;;;;;;;;;;;;
382;0;2;0;1;3;;;;;;;;;;;;;;;;;;;;;;;;;;;;;;;;;;;;;;;;;;;;;;
383;0;2;0;1;3;;;;;;;;;;;;;;;;;;;;;;;;;;;;;;;;;;;;;;;;;;;;;;
384;0;2;1;1;4;1;115;2;3;4;3;1;4;1;3;2;3;1;2;2;3;4;2;1;3;1;2;0;0;2;0;0;2;0;2;0;2;0;0;2;0;0;2;0;0;2;2;0;1;0;2
385;0;2;1;1;4;1;111;2;3;2;2;1;3;1;1;4;2;4;4;1;1;2;4;1;4;1;2;0;0;2;0;0;2;0;2;0;2;0;0;2;0;0;2;0;2;2;2;0;1;0;2
386;0;2;1;1;4;1;118;2;3;2;2;1;4;1;1;4;3;1;4;1;1;4;4;1;1;1;2;1;0;2;0;0;2;0;2;1;2;0;0;2;1;0;2;0;0;2;1;0;1;0;1
387;0;2;1;1;4;1;110;1;3;4;4;1;1;1;1;1;1;1;4;1;1;3;4;2;2;1;2;0;0;1;0;0;1;0;1;0;2;0;0;2;1;0;2;0;0;1;1;0;1;0;1
388;0;2;1;1;4;0;108;2;3;4;2;1;1;1;1;4;3;4;4;1;1;3;3;1;4;1;2;0;0;2;0;0;2;0;2;0;2;0;0;2;0;0;2;0;0;2;2;0;1;0;2
389;0;2;1;1;4;1;112;1;3;2;3;1;2;1;2;2;2;3;4;1;1;2;4;1;4;1;2;0;0;2;0;0;1;0;2;0;2;0;0;2;1;1;2;0;0;1;1;0;1;0;1
390;1;2;1;1;4;0;112;2;3;3;2;1;3;1;2;4;4;1;4;1;3;4;2;2;2;1;1;2;0;1;1;1;0;0;1;2;2;0;0;1;2;1;2;0;1;1;0;0;1;1;0
391;0;2;1;1;4;1;113;1;3;2;3;1;2;1;1;4;4;1;4;1;4;4;4;1;1;1;2;0;0;2;0;0;2;0;2;0;2;0;0;2;0;0;2;0;0;2;2;0;1;0;2
392;0;2;1;1;4;1;112;2;3;3;3;1;2;1;1;4;1;4;4;1;1;2;4;1;4;1;2;0;0;2;0;0;2;0;2;0;2;0;0;2;0;0;2;0;0;2;2;0;1;0;2
393;0;2;1;1;4;1;118;2;3;3;1;1;2;4;1;4;3;1;2;2;1;1;3;2;4;1;1;0;0;1;0;0;1;0;1;0;1;0;0;1;1;0;2;1;0;1;1;0;1;0;2
394;0;2;1;1;4;0;109;2;3;4;4;1;4;1;1;4;3;4;4;1;1;4;4;1;4;3;2;0;0;2;0;1;2;0;1;0;1;0;0;2;1;0;2;0;0;1;1;0;1;0;1
395;0;2;1;1;4;0;114;2;3;4;3;1;4;1;3;4;1;1;4;1;1;4;4;2;1;1;1;1;0;2;0;0;1;0;2;0;2;0;0;1;1;0;2;1;0;2;1;0;1;0;1
396;0;2;1;1;4;1;115;2;3;4;4;1;1;1;2;2;2;4;4;2;2;4;3;2;3;1;2;0;0;2;0;0;2;0;2;0;2;0;0;2;0;0;2;0;0;2;2;0;1;0;1
397;0;2;1;1;4;0;109;1;3;3;2;1;4;1;2;4;3;4;4;1;1;3;4;2;4;1;2;0;0;2;0;0;2;0;2;0;2;0;0;2;0;0;2;0;0;1;2;0;1;0;2
398;1;2;1;1;4;0;109;1;2;2;2;2;4;1;3;4;1;3;3;1;3;4;3;1;3;1;1;0;0;2;0;0;1;0;2;0;2;0;0;2;2;2;2;0;0;1;0;0;0;1;0
399;0;2;0;0;4;;;;;;;;;;;;;;;;;;;;;;;;;;;;;;;;;;;;;;;;;;;;;;
471;0;2;0;1;4;;;;;;;;;;;;;;;;;;;;;;;;;;;;;;;;;;;;;;;;;;;;;;
472;1;2;1;0;4;;;;;;;;;;;;;;;;;;;;;;2;2;0;2;0;0;2;0;1;2;2;1;0;1;1;1;2;0;0;2;1;0;1;0;0
473;0;2;1;1;4;1;119;2;3;2;1;2;2;1;2;1;1;4;4;3;1;3;2;3;2;4;2;0;0;2;0;0;2;0;2;0;2;0;0;2;1;0;2;0;0;2;2;0;0;0;2
474;0;2;1;1;4;0;118;1;3;2;3;2;3;2;3;1;2;3;4;3;1;3;2;2;2;2;2;0;0;2;0;1;2;0;2;0;2;0;0;2;0;0;2;0;0;2;2;0;1;0;2
475;0;2;1;1;4;0;111;2;3;2;2;1;2;1;2;2;3;3;4;2;1;4;4;2;4;1;2;0;0;2;0;0;2;0;2;0;2;0;0;2;0;0;2;0;0;2;2;0;0;0;2
476;0;2;1;1;4;1;113;2;3;2;3;1;3;1;2;3;2;2;4;2;1;4;3;2;1;1;2;0;0;2;0;0;2;1;2;0;2;0;0;2;0;0;2;0;0;2;2;0;0;0;2
477;0;2;1;1;4;0;110;2;3;4;3;1;2;1;1;3;2;2;4;1;1;4;4;2;4;1;2;0;0;2;0;0;2;0;2;0;2;0;0;2;0;0;2;0;0;2;2;0;0;0;2
478;0;2;1;1;4;1;116;1;3;4;3;1;2;1;1;3;3;4;4;1;2;3;4;2;1;2;2;0;0;2;0;0;2;1;2;0;2;0;0;2;0;1;2;0;0;2;2;0;1;0;2
479;0;2;1;1;4;1;108;2;2;3;3;1;1;1;4;4;3;1;4;3;1;4;1;1;4;1;2;0;0;1;0;0;2;0;2;0;2;1;0;2;1;0;2;0;0;2;2;0;1;0;2
480;0;2;1;1;4;0;111;1;3;4;2;1;1;1;1;4;3;4;4;1;1;4;4;1;3;1;2;0;0;2;0;0;2;0;2;0;2;0;0;2;0;0;2;0;0;2;2;0;0;0;2
481;0;2;1;1;4;0;109;;3;4;2;1;2;2;2;3;3;4;4;3;1;4;4;3;2;1;2;0;0;1;0;0;2;0;2;0;2;0;0;2;0;0;2;0;0;2;2;0;0;0;2
482;0;2;1;1;4;0;114;1;3;2;1;3;2;1;2;2;1;3;4;2;1;3;2;3;4;2;2;0;0;2;0;0;2;0;2;0;2;0;0;2;0;0;2;0;0;2;2;0;0;0;2
483;0;2;1;1;4;0;111;1;3;4;3;1;2;1;2;2;2;3;4;2;1;3;2;3;3;2;2;0;0;2;0;0;2;0;2;0;2;0;0;2;0;0;2;0;0;2;2;0;0;0;2
484;0;2;1;1;4;1;112;2;3;1;1;1;4;1;1;4;2;4;4;1;1;1;3;1;4;2;2;0;0;2;0;0;2;0;2;0;2;0;0;2;0;0;2;0;0;2;2;0;0;0;2
485;0;2;1;1;4;1;111;1;3;4;2;1;3;1;2;3;3;4;4;2;1;4;3;1;3;1;2;0;0;2;0;0;2;0;2;0;2;0;0;2;0;0;2;0;0;2;2;0;0;0;2
486;0;2;1;1;4;1;113;1;3;4;1;1;3;1;2;4;4;4;4;1;1;3;4;1;3;1;2;0;0;2;0;0;2;0;2;0;2;0;0;2;0;0;2;0;0;2;2;0;0;0;2
487;0;2;1;1;4;1;119;1;2;1;2;1;4;1;1;4;1;4;4;2;4;4;2;4;4;2;2;1;0;1;0;1;1;0;2;0;2;0;0;1;0;0;2;1;0;2;0;0;0;0;2
488;0;2;1;1;4;1;114;1;3;2;2;1;4;2;2;2;2;3;4;2;1;3;3;2;2;1;2;0;0;2;0;0;2;0;2;0;2;0;0;2;0;0;2;0;0;2;2;0;0;0;2
489;0;2;1;1;4;1;115;1;3;3;4;1;3;1;2;3;2;1;4;2;1;3;3;2;2;1;2;0;1;2;0;0;2;0;2;0;2;0;0;2;0;0;2;0;0;2;2;0;0;0;2
490;0;2;1;1;4;1;108;1;3;2;4;2;1;2;2;1;3;4;4;2;3;3;4;2;2;2;2;0;0;2;0;0;2;1;2;0;2;0;0;2;0;2;2;0;0;2;2;0;0;1;2
491;0;2;1;1;4;1;108;2;3;3;4;2;2;1;3;2;3;2;4;2;1;3;3;1;3;2;2;0;0;2;0;0;2;0;2;0;2;0;0;2;1;0;2;0;0;2;1;0;0;0;2
492;0;2;1;1;4;0;119;2;3;4;4;1;4;1;2;3;1;4;4;1;1;4;4;3;4;1;2;0;0;2;0;0;2;0;2;0;2;0;0;2;0;0;2;0;0;2;2;0;0;0;2
493;0;2;1;1;4;1;116;1;3;2;3;1;4;1;1;4;1;4;4;1;1;4;4;1;4;1;2;0;0;2;0;0;2;0;2;0;2;0;0;2;1;0;2;0;0;2;2;0;0;0;2
494;0;2;1;1;4;0;113;1;3;4;2;1;3;1;1;3;1;4;4;1;1;4;4;1;4;1;2;0;1;2;0;0;2;1;2;0;2;0;0;2;0;0;2;0;0;2;2;0;0;0;2
495;0;2;1;1;3;1;102;2;3;4;4;1;4;1;2;2;1;4;4;1;1;1;3;1;4;1;2;0;4;4;0;0;1;0;2;0;2;0;0;2;1;1;2;0;0;2;2;0;0;0;2
496;0;2;1;1;3;1;99;1;3;4;1;1;1;1;1;4;1;4;4;1;1;4;4;1;4;1;2;0;0;2;0;0;2;0;2;0;2;0;0;2;0;1;2;0;0;1;2;0;0;0;2
497;0;2;1;1;3;1;104;1;3;4;2;1;4;1;1;1;1;4;4;1;1;1;3;1;4;1;2;1;0;2;0;0;1;0;2;1;2;0;0;2;1;1;2;0;0;2;2;0;0;0;2
498;0;2;1;1;3;0;104;1;3;4;2;4;1;1;1;4;2;4;4;1;3;4;4;3;4;1;1;2;0;2;0;0;1;0;0;1;2;1;0;2;1;0;1;0;0;2;1;0;0;0;1
499;0;2;1;1;3;0;99;1;3;4;2;2;1;2;1;3;1;1;4;3;4;4;3;4;1;1;2;1;0;2;0;0;2;0;2;1;2;0;0;2;0;1;2;0;0;1;2;0;0;0;2
500;0;2;1;1;3;1;105;2;3;4;2;1;4;1;1;2;1;4;4;1;1;4;4;1;3;1;2;0;0;2;0;0;2;0;2;0;2;0;0;2;0;1;2;0;0;2;2;0;0;0;2
501;0;2;1;1;3;1;104;1;3;3;4;1;2;1;1;4;1;2;4;1;1;4;4;1;4;1;2;0;0;2;0;1;2;0;1;0;2;0;0;2;0;0;2;0;0;1;2;0;0;0;2
502;0;2;1;1;3;1;98;1;3;4;2;1;2;3;4;2;4;1;4;3;2;4;4;1;4;2;2;0;1;2;0;0;2;1;2;0;2;0;1;2;1;1;2;0;0;2;1;0;0;1;1
503;1;2;1;1;3;0;97;2;3;4;2;1;1;1;;4;2;4;3;2;4;4;3;2;3;1;2;0;0;2;0;0;2;0;1;0;2;0;0;2;1;1;2;0;0;0;1;0;0;0;0
504;0;2;1;1;3;1;105;2;3;4;3;2;1;1;1;3;4;3;4;1;1;4;3;1;4;1;2;0;0;2;0;0;2;0;2;0;2;0;0;2;1;0;2;0;0;2;2;0;0;0;2
505;0;2;1;1;3;0;107;2;3;3;2;1;1;1;1;1;3;4;4;1;1;4;4;2;4;1;2;1;1;2;0;1;1;0;1;1;2;0;1;2;1;1;2;0;0;1;1;0;0;1;1
506;0;2;1;1;3;1;100;2;1;4;2;1;3;1;1;4;4;4;4;1;3;2;4;1;1;1;2;0;0;2;0;0;2;0;2;0;2;0;0;2;0;0;2;1;0;2;2;0;0;0;2
507;0;2;1;1;3;1;99;1;2;4;2;1;1;2;4;4;4;4;4;2;3;2;3;1;4;1;2;0;0;2;0;0;2;0;2;0;2;0;0;2;0;0;2;1;0;2;1;0;0;0;1
508;1;2;1;1;3;1;100;1;2;2;2;1;4;1;4;4;4;4;4;1;1;4;1;4;4;1;2;0;0;2;0;0;2;0;2;0;2;0;0;2;1;0;2;0;0;1;2;0;0;0;1
509;0;2;1;1;3;0;106;1;3;2;2;1;2;2;1;3;3;1;4;1;2;2;4;2;4;1;2;1;0;2;0;0;2;0;2;0;2;0;0;2;0;0;2;0;0;2;2;0;0;0;2
510;0;2;1;1;3;1;96;2;3;3;2;1;1;1;2;4;2;4;4;2;1;4;3;1;4;1;2;0;0;2;0;1;2;0;1;0;2;0;0;2;0;1;2;0;0;1;2;0;0;0;2
511;1;2;1;1;3;0;108;2;3;3;3;1;3;2;2;1;3;3;4;2;1;2;4;3;2;1;2;0;0;2;1;1;2;0;0;0;2;0;0;2;1;0;2;0;0;1;2;0;0;0;1
512;0;2;1;1;3;0;96;2;3;4;3;1;2;1;4;4;4;4;4;1;1;4;4;4;1;1;2;2;0;2;0;0;1;0;1;2;2;0;0;2;2;0;1;0;0;1;0;0;0;0;1
513;0;2;1;1;3;0;102;2;2;4;2;2;3;2;1;4;3;4;4;2;4;2;4;4;3;2;2;1;0;2;0;0;1;0;0;1;2;0;0;2;1;1;2;0;0;1;1;0;0;0;1
514;0;2;1;1;3;1;103;1;3;2;4;3;1;1;3;2;2;1;4;2;3;2;3;2;2;3;2;1;0;2;0;0;1;0;1;0;2;0;0;2;1;0;2;1;0;1;1;0;0;0;1
515;1;2;1;1;3;0;98;1;2;4;2;1;2;1;4;1;2;2;4;3;1;3;2;4;3;2;2;0;0;2;0;1;2;0;1;0;2;0;0;2;1;0;2;0;0;0;1;0;0;0;1
516;0;2;1;1;3;0;103;2;3;2;3;1;3;1;4;3;3;3;3;1;2;4;2;1;4;1;2;0;0;2;0;0;2;0;1;0;2;0;0;2;0;0;2;0;0;1;2;0;0;0;2
517;0;2;1;1;3;0;102;2;1;1;2;1;2;1;1;4;4;4;4;1;1;4;4;1;4;1;2;1;0;2;0;0;2;0;1;0;2;0;0;2;0;1;2;0;0;1;2;0;0;0;2
518;0;2;0;1;3;;;;;;;;;;;;;;;;;;;;;;;;;;;;;;;;;;;;;;;;;;;;;;
519;0;2;0;1;3;;;;;;;;;;;;;;;;;;;;;;;;;;;;;;;;;;;;;;;;;;;;;;
520;0;2;0;1;3;;;;;;;;;;;;;;;;;;;;;;;;;;;;;;;;;;;;;;;;;;;;;;